[
  {
    "Constant" : [

    ],
    "submodules" : [

    ],
    "Function" : [

    ],
    "Variable" : [
      {
        "name" : "port",
        "def" : "RemoteHID.port",
        "doc" : "The port that the server will listen on (default: 7638).",
        "stripped_doc" : [
          "The port that the server will listen on (default: 7638)."
        ],
        "notes" : [

        ],
        "signature" : "RemoteHID.port",
        "type" : "Variable",
        "returns" : [

        ],
        "desc" : "The port that the server will listen on (default: 7638).",
        "parameters" : [

        ]
      },
      {
        "name" : "interface",
        "def" : "RemoteHID.interface",
        "doc" : "The interface that the server will listen on.\n\nAs well as real interface names (e.g. en0) the following values are valid:\n* An IP address of one of your interfaces\n    * localhost\n    * loopback\n    * nil (which means all interfaces, and is the default)",
        "stripped_doc" : [
          "The interface that the server will listen on.",
          "",
          "As well as real interface names (e.g. en0) the following values are valid:",
          "* An IP address of one of your interfaces",
          "    * localhost",
          "    * loopback",
          "    * nil (which means all interfaces, and is the default)"
        ],
        "notes" : [

        ],
        "signature" : "RemoteHID.interface",
        "type" : "Variable",
        "returns" : [

        ],
        "desc" : "The interface that the server will listen on.",
        "parameters" : [

        ]
      },
      {
        "name" : "password",
        "def" : "RemoteHID.password",
        "doc" : "The password to access the webinterface.\n\ndefault: changeme",
        "stripped_doc" : [
          "The password to access the webinterface.",
          "",
          "default: changeme"
        ],
        "notes" : [

        ],
        "signature" : "RemoteHID.password",
        "type" : "Variable",
        "returns" : [

        ],
        "desc" : "The password to access the webinterface.",
        "parameters" : [

        ]
      }
    ],
    "stripped_doc" : [

    ],
    "desc" : "Hammerspoon script enabling users to use their smartphone as a remote mouse and keyboard for their mac.",
    "Deprecated" : [

    ],
    "type" : "Module",
    "Constructor" : [

    ],
    "doc" : "Hammerspoon script enabling users to use their smartphone as a remote mouse and keyboard for their mac.",
    "Method" : [
      {
        "name" : "init",
        "def" : "RemoteHID:init()",
        "doc" : "Init function. Called when loading spoon",
        "stripped_doc" : [
          "Init function. Called when loading spoon"
        ],
        "notes" : [

        ],
        "signature" : "RemoteHID:init()",
        "type" : "Method",
        "returns" : [

        ],
        "desc" : "Init function. Called when loading spoon",
        "parameters" : [

        ]
      },
      {
        "name" : "start",
        "def" : "RemoteHID:start()",
        "doc" : "Start RemoteHID server",
        "stripped_doc" : [
          "Start RemoteHID server"
        ],
        "notes" : [

        ],
        "signature" : "RemoteHID:start()",
        "type" : "Method",
        "returns" : [

        ],
        "desc" : "Start RemoteHID server",
        "parameters" : [

        ]
      },
      {
        "name" : "stop",
        "def" : "RemoteHID:stop()",
        "doc" : "Stop RemoteHID server",
        "stripped_doc" : [
          "Stop RemoteHID server"
        ],
        "notes" : [

        ],
        "signature" : "RemoteHID:stop()",
        "type" : "Method",
        "returns" : [

        ],
        "desc" : "Stop RemoteHID server",
        "parameters" : [

        ]
      },
      {
        "name" : "bindHotkeys",
        "def" : "RemoteHID:bindHotkeys()",
        "doc" : "Binds hotkeys for RemoteHID\nParameters:\n * mapping - A table containing hotkey details for the following items:\n  * start: to start server\n  * stop: to stop server\n\nExample:\n```\nlocal hyper = {\"alt\", \"cmd\"}\nspoon.RemoteHID:bindHotKeys({\n    start={hyper, \"s\", message=\"Started RemoteHID\"},\n    stop={hyper, \"a\", message=\"Stopped RemoteHID\"}\n})\n```",
        "stripped_doc" : [
          "Binds hotkeys for RemoteHID"
        ],
        "notes" : [

        ],
        "signature" : "RemoteHID:bindHotkeys()",
        "type" : "Method",
        "returns" : [

        ],
        "desc" : "Binds hotkeys for RemoteHID",
        "parameters" : [
          " * mapping - A table containing hotkey details for the following items:",
          "  * start: to start server",
          "  * stop: to stop server",
          "",
          "Example:",
          "```",
          "local hyper = {\"alt\", \"cmd\"}",
          "spoon.RemoteHID:bindHotKeys({",
          "    start={hyper, \"s\", message=\"Started RemoteHID\"},",
          "    stop={hyper, \"a\", message=\"Stopped RemoteHID\"}",
          "})",
          "```"
        ]
      }
    ],
    "Command" : [

    ],
    "Field" : [

    ],
    "items" : [
      {
        "name" : "interface",
        "def" : "RemoteHID.interface",
        "doc" : "The interface that the server will listen on.\n\nAs well as real interface names (e.g. en0) the following values are valid:\n* An IP address of one of your interfaces\n    * localhost\n    * loopback\n    * nil (which means all interfaces, and is the default)",
        "stripped_doc" : [
          "The interface that the server will listen on.",
          "",
          "As well as real interface names (e.g. en0) the following values are valid:",
          "* An IP address of one of your interfaces",
          "    * localhost",
          "    * loopback",
          "    * nil (which means all interfaces, and is the default)"
        ],
        "notes" : [

        ],
        "signature" : "RemoteHID.interface",
        "type" : "Variable",
        "returns" : [

        ],
        "desc" : "The interface that the server will listen on.",
        "parameters" : [

        ]
      },
      {
        "name" : "password",
        "def" : "RemoteHID.password",
        "doc" : "The password to access the webinterface.\n\ndefault: changeme",
        "stripped_doc" : [
          "The password to access the webinterface.",
          "",
          "default: changeme"
        ],
        "notes" : [

        ],
        "signature" : "RemoteHID.password",
        "type" : "Variable",
        "returns" : [

        ],
        "desc" : "The password to access the webinterface.",
        "parameters" : [

        ]
      },
      {
        "name" : "port",
        "def" : "RemoteHID.port",
        "doc" : "The port that the server will listen on (default: 7638).",
        "stripped_doc" : [
          "The port that the server will listen on (default: 7638)."
        ],
        "notes" : [

        ],
        "signature" : "RemoteHID.port",
        "type" : "Variable",
        "returns" : [

        ],
        "desc" : "The port that the server will listen on (default: 7638).",
        "parameters" : [

        ]
      },
      {
        "name" : "bindHotkeys",
        "def" : "RemoteHID:bindHotkeys()",
        "doc" : "Binds hotkeys for RemoteHID\nParameters:\n * mapping - A table containing hotkey details for the following items:\n  * start: to start server\n  * stop: to stop server\n\nExample:\n```\nlocal hyper = {\"alt\", \"cmd\"}\nspoon.RemoteHID:bindHotKeys({\n    start={hyper, \"s\", message=\"Started RemoteHID\"},\n    stop={hyper, \"a\", message=\"Stopped RemoteHID\"}\n})\n```",
        "stripped_doc" : [
          "Binds hotkeys for RemoteHID"
        ],
        "notes" : [

        ],
        "signature" : "RemoteHID:bindHotkeys()",
        "type" : "Method",
        "returns" : [

        ],
        "desc" : "Binds hotkeys for RemoteHID",
        "parameters" : [
          " * mapping - A table containing hotkey details for the following items:",
          "  * start: to start server",
          "  * stop: to stop server",
          "",
          "Example:",
          "```",
          "local hyper = {\"alt\", \"cmd\"}",
          "spoon.RemoteHID:bindHotKeys({",
          "    start={hyper, \"s\", message=\"Started RemoteHID\"},",
          "    stop={hyper, \"a\", message=\"Stopped RemoteHID\"}",
          "})",
          "```"
        ]
      },
      {
        "name" : "init",
        "def" : "RemoteHID:init()",
        "doc" : "Init function. Called when loading spoon",
        "stripped_doc" : [
          "Init function. Called when loading spoon"
        ],
        "notes" : [

        ],
        "signature" : "RemoteHID:init()",
        "type" : "Method",
        "returns" : [

        ],
        "desc" : "Init function. Called when loading spoon",
        "parameters" : [

        ]
      },
      {
        "name" : "start",
        "def" : "RemoteHID:start()",
        "doc" : "Start RemoteHID server",
        "stripped_doc" : [
          "Start RemoteHID server"
        ],
        "notes" : [

        ],
        "signature" : "RemoteHID:start()",
        "type" : "Method",
        "returns" : [

        ],
        "desc" : "Start RemoteHID server",
        "parameters" : [

        ]
      },
      {
        "name" : "stop",
        "def" : "RemoteHID:stop()",
        "doc" : "Stop RemoteHID server",
        "stripped_doc" : [
          "Stop RemoteHID server"
        ],
        "notes" : [

        ],
        "signature" : "RemoteHID:stop()",
        "type" : "Method",
        "returns" : [

        ],
        "desc" : "Stop RemoteHID server",
        "parameters" : [

        ]
      }
    ],
    "name" : "RemoteHID"
  }
]
